Property,Unit,Complete
1001,1A,
1001,1B,
1001,1D,
1001,1F,
1001,1G,
1001,1H,
1001,2A,
1001,2B,
1001,2C,
1001,2D,
1001,2E,
1001,2F,
1001,2G,
1001,2H,
1001,3A,
1001,3B,
1001,3C,
1001,3D,
1001,3E,
1001,3F,
1001,3G,
1001,3H,
1001,4A,
1001,4B,
1001,4C,
1001,4D,
1001,4E,
1001,4F,
1001,4H,
1001,5AB,
1001,5C,
1001,5D,
1001,5E,
1001,5F,
1001,5G,
1001,5H,
1001,6AB,
1001,6C,
1001,6D,
1001,6E,
1001,6G,
1001,6H,
1002,2A,
1002,2C,
1002,3A,
1002,3C,
1002,3D,
1002,4A,
1002,4B,
1002,4C,
1002,4D,
1002,5A,
1002,5B,
1002,5C,
1002,5D,
1003,2,
1003,21,
1003,26,
1004,10E,
1004,1B,
1004,1C,
1004,2A,
1004,4A,
1004,4D,
1004,5B,
1004,6E,
1004,7E,
1005-09,A5,
1005-09,B100,
1005-09,B2,
1005-09,D1,
1005-09,D4,
1005-09,E4,
1005-09,F1,
1005-09,F2,
1005-10,B1,
1005-10,B5,
1005-10,C2,
1005-10,D3,
1005-10,F1,
1005-10,F4,
1005-10,F5,
1006,1A,
1006,1B,
1006,1C,
1006,1D,
1006,1E,
1006,1F,
1006,1G,
1006,1M,
1006,2A,
1006,2B,
1006,2C,
1006,2D,
1006,2F,
1006,2J,
1006,2K,
1006,2L,
1006,2M,
1006,3A,
1006,3B,
1006,3C,
1006,3D,
1006,3E,
1006,3F,
1006,3G,
1006,3H,
1006,3J,
1006,3K,
1006,3L,
1006,3M,
1006,4A,
1006,4B,
1006,4C,
1006,4D,
1006,4E,
1006,4F,
1006,4H,
1006,4J,
1006,4K,
1006,4L,
1006,4M,
1006,5A,
1006,5C,
1006,5D,
1006,5E,
1006,5F,
1006,5G,
1006,5H,
1006,5J,
1006,5K,
1006,5L,
1006,6B,
1006,6C,
1006,6D,
1006,6E,
1006,6F,
1006,6H,
1006,6J,
1006,6K,
1006,6L,
1006,6M,
1006,BSMT,
1007,1BN,
1007,1DN,
1007,1EN,
1007,1ES,
1007,2AN,
1007,2AS,
1007,2BN,
1007,2CN,
1007,2CS,
1007,2DN,
1007,2DS,
1007,2ES,
1007,3AN,
1007,3BN,
1007,3BS,
1007,3CS,
1007,3DN,
1007,3DS,
1007,3EN,
1007,3ES,
1007,4BS,
1007,4CN,
1007,4EN,
1007,4ES,
1007,5BS,
1007,5CN,
1007,5DN,
1007,5DS,
1009,1,
1009,1-A,
1009,2,
1009,21,
1009,22,
1009,23,
1009,24,
1009,25,
1009,3,
1009,31,
1009,33,
1009,34,
1009,35,
1009,4,
1009,42,
1009,44,
1009,45,
1009,5,
1009,51,
1009,52,
1009,53,
1009,54,
1009,55,
1009,WI-STD,
1010,1,
1010,2,
1010,21,
1010,22,
1010,23,
1010,24,
1010,31,
1010,32,
1010,33,
1010,34,
1010,4,
1010,41,
1010,42,
1010,43,
1010,44,
1010,51,
1010,52,
1010,53,
1010,54,
1011,1,
1011,2,
1011,21,
1011,22,
1011,23,
1011,25,
1011,3,
1011,31,
1011,32,
1011,33,
1011,34,
1011,35,
1011,4,
1011,41,
1011,42,
1011,43,
1011,45,
1011,51,
1011,52,
1011,53,
1011,54,
1011,55,
1012,1C,
1012,2E,
1012,4C,
1012,5B,
1012,5C,
1012,5E,
1013,1C,
1013,1D,
1013,1E,
1013,1F,
1013,1G,
1013,1H,
1013,2A,
1013,2B,
1013,2C,
1013,2E,
1013,2F,
1013,2G,
1013,2H,
1013,3A,
1013,3B,
1013,3D,
1013,3E,
1013,3G,
1013,3H,
1013,4C,
1013,4F,
1013,4H,
1013,598,
1013,5A,
1013,5B,
1013,5D,
1013,5F,
1013,5G,
1013,6A,
1013,6B,
1013,6C,
1013,6E,
1013,6H,
1013,BSMT,
1014,1M,
1014,3G,
1014,5G,
1015,1C,
1015,1D,
1015,2A,
1015,2B,
1015,2D,
1015,2E,
1015,3B,
1015,3C,
1015,3D,
1015,3E,
1015,4A,
1015,4B,
1015,4D,
1015,4E,
1015,5A,
1015,5B,
1015,5C,
1015,5D,
1015,5E,
1015,B3,
1015,B4,
1015,B5,
1016,1A,
1016,2A,
1016,2B,
1016,2C,
1016,2E,
1016,2F,
1016,2G,
1016,2H,
1016,2I,
1016,2J,
1016,2K,
1016,2L,
1016,3A,
1016,3B,
1016,3C,
1016,3D,
1016,3E,
1016,3F,
1016,3G,
1016,3H,
1016,3I,
1016,3J,
1016,3K,
1016,3L,
1016,4A,
1016,4B,
1016,4C,
1016,4D,
1016,4E,
1016,4F,
1016,4G,
1016,4H,
1016,4I,
1016,4J,
1016,4K,
1016,4L,
1016,5A,
1016,5B,
1016,5C,
1016,5D,
1016,5E,
1016,5F,
1016,5G,
1016,5H,
1016,5J,
1016,5K,
1016,5L,
1016,I3,
1018,1,
1018,10,
1018,11,
1018,12,
1018,13,
1018,14,
1018,15,
1018,16,
1018,17,
1018,18,
1018,19,
1018,2,
1018,20,
1018,21,
1018,22,
1018,4,
1018,5,
1018,6,
1018,7,
1018,8,
1018,9,
1018,BSMT,
1019,1,
1019,11,
1019,12,
1019,13,
1019,15,
1019,16,
1019,17,
1019,18,
1019,2,
1019,20,
1019,22,
1019,8,
1019,9,
1019,BSMT,
1021,1,
1021,10,
1021,12,
1021,14,
1021,15,
1021,16,
1021,17,
1021,18,
1021,19,
1021,2,
1021,20,
1021,21,
1021,22,
1021,23,
1021,25,
1021,26,
1021,27,
1021,3,
1021,4,
1021,5,
1021,6,
1021,7,
1021,8,
1021,9,
1021,BSMT,
1022,101,
1022,102,
1022,201,
1022,202,
1022,203,
1022,204,
1022,205,
1022,206,
1022,207,
1022,301,
1022,302,
1022,303,
1022,304,
1022,305,
1022,306,
1022,307,
1022,401,
1022,403,
1022,404,
1022,405,
1022,406,
1022,407,
1022,501,
1022,502,
1022,503,
1022,504,
1022,505,
1022,506,
1022,507,
1022,601,
1022,602,
1022,603,
1022,604,
1022,605,
1022,606,
1022,607,
1022,BSMT,
1023,101,
1023,102,
1023,104,
1023,201,
1023,202,
1023,203,
1023,204,
1023,205,
1023,206,
1023,207,
1023,302,
1023,304,
1023,305,
1023,306,
1023,307,
1023,401,
1023,403,
1023,404,
1023,405,
1023,406,
1023,407,
1023,502,
1023,503,
1023,504,
1023,505,
1023,506,
1023,507,
1023,602,
1023,603,
1023,604,
1023,605,
1023,606,
1023,607,
1023,BSMT,
1025,1,
1025,1S,
1025,2N,
1025,2S,
1025,3S,
1026,1A,
1026,1B,
1026,1C,
1026,2B,
1026,2C,
1026,2D,
1026,3A,
1026,3B,
1026,3C,
1026,3D,
1026,4A,
1026,4B,
1026,4C,
1026,A,
1026,BSMT,
1027,1A,
1027,1B,
1027,1D,
1027,2A,
1027,2B,
1027,2C,
1027,2D,
1027,3A,
1027,3B,
1027,3C,
1027,3D,
1027,4B,
1027,4C,
1027,A,
1027,B,
1027,C,
1027,D,
1028,BSMT,
1029,1E,
1029,1W,
1029,2E,
1029,2W,
1029,3E,
1029,3W,
1029,4E,
1029,4W,
1029,5E,
1029,5W,
1030-64,1B,
1030-64,1E,
1030-64,3C,
1030-64,4B,
1030-64,4E,
1030-68,1A,
1030-68,1B,
1030-68,1C,
1030-68,1D,
1030-68,2A,
1030-68,2B,
1030-68,2C,
1030-68,2D,
1030-68,3A,
1030-68,3B,
1030-68,3C,
1030-68,3D,
1030-68,4A,
1030-68,4B,
1030-68,4C,
1030-68,4D,
1030-68,5A,
1030-68,5B,
1030-68,5C,
1030-68,5D,
1030-68,6A,
1030-68,6B,
1030-68,6C,
1030-68,6D,
1031,1A,
1031,1C,
1031,1D,
1031,1F,
1031,1J,
1031,1K,
1031,1M,
1031,2A,
1031,2B,
1031,2C,
1031,2E,
1031,2F,
1031,2G,
1031,2H,
1031,2J,
1031,2K,
1031,2L,
1031,2M,
1031,3A,
1031,3B,
1031,3D,
1031,3E,
1031,3F,
1031,3G,
1031,3H,
1031,3K,
1031,3L,
1031,3M,
1031,4A,
1031,4B,
1031,4C,
1031,4D,
1031,4E,
1031,4F,
1031,4G,
1031,4H,
1031,4J,
1031,4L,
1031,4M,
1031,5A,
1031,5C,
1031,5D,
1031,5F,
1031,5G,
1031,5J,
1031,5K,
1031,5L,
1031,5M,
1031,6A,
1031,6B,
1031,6C,
1031,6D,
1031,6E,
1031,6F,
1031,6G,
1031,6H,
1031,6J,
1031,6K,
1031,6L,
1031,6M,
1031,7C,
1037,2A,
1037,2B,
1037,2D,
1037,3B,
1037,3C,
1037,3D,
1037,4A,
1037,4B,
1037,4D,
1037,5A,
1037,5C,
1037,5D,
1038,2F,
1038,4R,
1039,2F,
1039,3R,
1039,4F,
1039,4R,
1040,1A,
1040,1B,
1040,1C,
1040,1D,
1040,1E,
1040,1F,
1040,1G,
1040,2B,
1040,2D,
1040,2E,
1040,2F,
1040,2G,
1040,3A,
1040,3B,
1040,3C,
1040,3D,
1040,3E,
1040,3F,
1040,3G,
1040,4A,
1040,4B,
1040,4C,
1040,4D,
1040,4E,
1040,4F,
1040,4G,
1040,5A,
1040,5C,
1040,5D,
1040,5E,
1040,5F,
1040,5G,
1040,6A,
1040,6B,
1040,6C,
1040,6E,
1040,6F,
1041,1A,
1041,1B,
1041,1C,
1041,1D,
1041,1E,
1041,1F,
1041,1G,
1041,1H,
1041,2A,
1041,2B,
1041,2C,
1041,2D,
1041,2E,
1041,2F,
1041,2G,
1041,2H,
1041,3A,
1041,3B,
1041,3C,
1041,3D,
1041,3E,
1041,3F,
1041,3G,
1041,3H,
1041,4A,
1041,4B,
1041,4C,
1041,4E,
1041,4G,
1041,4H,
1041,5A,
1041,5B,
1041,5C,
1041,5D,
1041,5E,
1041,5F,
1041,5H,
1041,6A,
1041,6B,
1041,6C,
1041,6D,
1041,6E,
1041,6F,
1041,6G,
1041,6H,
1041,WIA,
1041,WIB,
1042,1A,
1042,1B,
1042,1C,
1042,1D,
1042,1E,
1042,1F,
1042,1G,
1042,1H,
1042,1I,
1042,1J,
1042,1K,
1042,1L,
1042,1M,
1042,2A,
1042,2B,
1042,2C,
1042,2D,
1042,2E,
1042,2F,
1042,2G,
1042,2H,
1042,2I,
1042,2J,
1042,2K,
1042,2L,
1042,2M,
1042,3A,
1042,3B,
1042,3C,
1042,3D,
1042,3E,
1042,3F,
1042,3G,
1042,3H,
1042,3I,
1042,3J,
1042,3K,
1042,3L,
1042,3M,
1042,4A,
1042,4B,
1042,4C,
1042,4D,
1042,4E,
1042,4F,
1042,4G,
1042,4H,
1042,4I,
1042,4J,
1042,4K,
1042,4L,
1042,4M,
1042,5A,
1042,5B,
1042,5C,
1042,5D,
1042,5E,
1042,5F,
1042,5G,
1042,5H,
1042,5I,
1042,5J,
1042,5K,
1042,5L,
1042,5M,
1042,6A,
1042,6B,
1042,6C,
1042,6D,
1042,6E,
1042,6F,
1042,6G,
1042,6H,
1042,6I,
1042,6J,
1042,6K,
1042,6L,
1042,6M,
1043,A1,
1043,A2,
1043,A3,
1043,A4,
1043,A5,
1043,A6,
1043,B2,
1043,B3,
1043,B4,
1043,B5,
1043,B6,
1043,C1,
1043,C2,
1043,C3,
1043,C4,
1043,C5,
1043,C6,
1043,D2,
1043,D5,
1043,D6,
1043,E1,
1043,E2,
1043,E3,
1043,E4,
1043,E5,
1043,E6,
1043,F1,
1043,F2,
1043,F3,
1043,F4,
1043,F5,
1043,F6,
1043,G1,
1043,G2,
1043,G3,
1043,G4,
1043,G5,
1043,G6,
1043,H1,
1043,H2,
1043,H3,
1043,H4,
1043,H5,
1043,H6,
1043,J1,
1043,J2,
1043,J3,
1043,J4,
1043,J5,
1043,J6,
1043,K1,
1043,K2,
1043,K3,
1043,K4,
1043,K5,
1043,K6,
1044-54,1D,
1044-54,1F,
1044-54,2A,
1044-54,2C,
1044-54,3B,
1044-54,4G,
1044-54,5A,
1044-55,2C,
1044-55,2D,
1044-55,3H,
1044-55,4C,
1044-55,4D,
1044-55,5A,
1044-55,5B,
1044-55,5H,
1044-55,6E,
1045,1R,
1045,2L,
1045,2R,
1045,3L,
1045,3R,
1045,4L,
1045,4R,
1046,1A,
1046,1C,
1046,1D,
1046,1E,
1046,1F,
1046,2A,
1046,2B,
1046,2C,
1046,2D,
1046,2E,
1046,3B,
1046,3C,
1046,3D,
1046,3E,
1046,4B,
1046,4C,
1046,4D,
1046,4E,
1046,4F,
1046,5C,
1046,5D,
1046,5E,
1046,5F,
1046,6B,
1046,6C,
1046,6D,
1046,6E,
1046,6F,
1047,1,
1047,10,
1047,11,
1047,12,
1047,12A,
1047,14,
1047,15,
1047,16,
1047,17,
1047,18,
1047,19,
1047,2,
1047,20,
1047,21,
1047,22,
1047,23,
1047,24,
1047,25,
1047,26,
1047,27,
1047,28,
1047,29,
1047,30,
1047,31,
1047,32,
1047,33,
1047,4,
1047,5,
1047,6,
1047,7,
1047,8,
1047,9,
1048,1A,
1048,1B,
1048,1C,
1048,1D,
1048,1E,
1048,1F,
1048,2A,
1048,2B,
1048,2C,
1048,2D,
1048,2E,
1048,2F,
1048,3A,
1048,3B,
1048,3C,
1048,3D,
1048,3E,
1048,3F,
1048,4A,
1048,4B,
1048,4C,
1048,4D,
1048,4E,
1048,4F,
1048,5B,
1048,5C,
1048,5D,
1048,5E,
1048,5F,
1048,6B,
1048,6C,
1048,6D,
1048,6E,
1048,6F,
1048,7B,
1048,7C,
1048,7D,
1048,7E,
1048,7F,
1048,8B,
1048,8C,
1048,8D,
1048,8E,
1048,8F,
1049,10,
1049,11,
1049,12,
1049,12A,
1049,14,
1049,15,
1049,17,
1049,18,
1049,19,
1049,20,
1049,21,
1049,22,
1049,23,
1049,24,
1049,25,
1049,26,
1049,27,
1049,28,
1049,29,
1049,30,
1049,31,
1049,32,
1049,33,
1049,34,
1049,35,
1049,4,
1049,5,
1049,6,
1049,7,
1049,8,
1049,9,
1050,1,
1050,10,
1050,11,
1050,12,
1050,12A,
1050,14,
1050,15,
1050,16,
1050,17,
1050,18,
1050,19,
1050,2,
1050,20,
1050,21,
1050,22,
1050,23,
1050,24,
1050,25,
1050,26,
1050,27,
1050,28,
1050,29,
1050,3,
1050,30,
1050,31,
1050,33,
1050,34,
1050,35,
1050,5,
1050,6,
1050,7,
1050,8,
1050,9,
1051,1,
1051,10,
1051,11,
1051,12A,
1051,14,
1051,15,
1051,16,
1051,17,
1051,18,
1051,19,
1051,2,
1051,21,
1051,22,
1051,23,
1051,25,
1051,26,
1051,27,
1051,28,
1051,29,
1051,3,
1051,30,
1051,31,
1051,32,
1051,33,
1051,34,
1051,35,
1051,6,
1051,7,
1051,8,
1051,9,
1052,1C,
1052,2A,
1052,2B,
1052,3A,
1052,3B,
1052,4A,
1052,4B,
1053,1,
1053,1A,
1053,1B,
1053,1C,
1053,2A,
1053,2B,
1053,2C,
1053,2D,
1053,3,
1053,3A,
1053,3B,
1053,3C,
1053,3D,
1053,4A,
1053,4B,
1053,4C,
1053,4D,
1053,5A,
1053,5B,
1053,5C,
1053,5D,
1053,6A,
1053,6B,
1053,6C,
1053,6D,
1054,2A,
1055,A5,
1055,A6,
1055,B1,
1055,B3,
1055,B4,
1055,B6,
1055,B7,
1055,C5,
1055,C8,
1055,D3,
1055,D5,
1055,D6,
1056,A1,
1056,A2,
1056,A3,
1056,A4,
1056,A5,
1056,A6,
1056,A7,
1056,A8,
1056,A9,
1056,B1,
1056,B10,
1056,B11,
1056,B2,
1056,B3,
1056,B4,
1056,B5,
1056,B6,
1056,B7,
1056,B8,
1056,B9,
1056,C1,
1056,C10,
1056,C11,
1056,C2,
1056,C4,
1056,C5,
1056,C6,
1056,C7,
1056,C8,
1056,C9,
1056,D1,
1056,D10,
1056,D11,
1056,D2,
1056,D3,
1056,D4,
1056,D5,
1056,D6,
1056,D7,
1056,D8,
1056,D9,
1057,1F,
1057,2H,
1057,3B,
1057,3D,
1057,3H,
1058,1A,
1058,1B,
1058,1C,
1058,1D,
1058,1E,
1058,1F,
1058,1G,
1058,1H,
1058,1J,
1058,1K,
1058,2A,
1058,2B,
1058,2C,
1058,2D,
1058,2E,
1058,2F,
1058,2G,
1058,2H,
1058,2J,
1058,2K,
1058,3A,
1058,3B,
1058,3C,
1058,3D,
1058,3E,
1058,3F,
1058,3G,
1058,3H,
1058,3J,
1058,3K,
1058,4A,
1058,4B,
1058,4C,
1058,4D,
1058,4E,
1058,4F,
1058,4G,
1058,4H,
1058,4J,
1058,4K,
1058,5A,
1058,5B,
1058,5D,
1058,5E,
1058,5F,
1058,5G,
1058,5H,
1058,5J,
1058,5K,
1058,6A,
1058,6B,
1058,6C,
1058,6D,
1058,6E,
1058,6F,
1058,6G,
1058,6H,
1058,6J,
1058,L1,
1058,L2,
1058,L3,
1058,LG,
1058,LH,
1058,LJ,
1058,LK,
1059,1A,
1059,1B,
1059,1C,
1059,1D,
1059,1N,
1059,1S,
1059,2A,
1059,2B,
1059,2C,
1059,2D,
1059,3A,
1059,3B,
1059,3C,
1059,3D,
1059,4A,
1059,4B,
1059,4C,
1059,4D,
1059,5A,
1059,5B,
1059,5C,
1059,5D,
1059,BSMT,
1060,1A,
1060,1B,
1060,1C,
1060,1D,
1060,1E,
1060,1F,
1060,2B,
1060,2C,
1060,2D,
1060,2E,
1060,2F,
1060,3A,
1060,3B,
1060,3C,
1060,3D,
1060,3E,
1060,3F,
1060,4A,
1060,4B,
1060,4C,
1060,4D,
1060,4E,
1060,4F,
1060,5A,
1060,5B,
1060,5C,
1060,5D,
1060,5E,
1060,5F,
1060,6A,
1060,6B,
1060,6C,
1060,6D,
1060,6E,
1060,6F,
1060,A,
1061,1A,
1061,1B,
1061,1C,
1061,1D,
1061,1E,
1061,1F,
1061,1G,
1061,1H,
1061,1J,
1061,1K,
1061,2B,
1061,2C,
1061,2D,
1061,2E,
1061,2F,
1061,2G,
1061,2H,
1061,2J,
1061,2K,
1061,2L,
1061,3A,
1061,3B,
1061,3C,
1061,3D,
1061,3E,
1061,3F,
1061,3H,
1061,3J,
1061,3L,
1061,3M,
1061,4A,
1061,4B,
1061,4D,
1061,4E,
1061,4G,
1061,4J,
1061,4L,
1061,4M,
1061,5A,
1061,5B,
1061,5C,
1061,5D,
1061,5E,
1061,5F,
1061,5G,
1061,5H,
1061,5J,
1061,5K,
1061,5L,
1061,5M,
1061,6A,
1061,6C,
1061,6D,
1061,6E,
1061,6F,
1061,6G,
1061,6H,
1061,6J,
1061,6K,
1061,6L,
1061,6M,
1062,A1,
1062,A2,
1062,A3,
1062,A4,
1062,B1,
1062,B2,
1062,B3,
1062,B4,
1062,BSMT,
1062,C1,
1062,C2,
1062,C3,
1062,C4,
1062,D2,
1062,E3,
1063,1A,
1063,1B,
1063,1D,
1063,2A,
1063,2B,
1063,2C,
1063,2D,
1063,3A,
1063,3B,
1063,3C,
1063,3D,
1063,4A,
1063,4B,
1063,4C,
1063,4D,
1063,5A,
1063,5B,
1063,5C,
1063,5D,
1063,R1,
1064,1A,
1064,1B,
1064,1C,
1064,1E,
1064,1F,
1064,1G,
1064,1H,
1064,1I,
1064,1J,
1064,2A,
1064,2B,
1064,2C,
1064,2D,
1064,2E,
1064,2F,
1064,2G,
1064,2H,
1064,2I,
1064,2J,
1064,3A,
1064,3B,
1064,3C,
1064,3D,
1064,3E,
1064,3F,
1064,3G,
1064,3H,
1064,3I,
1064,3J,
1064,4A,
1064,4B,
1064,4C,
1064,4D,
1064,4E,
1064,4F,
1064,4G,
1064,4H,
1064,4I,
1064,4J,
1065,1A,
1065,1B,
1065,1C,
1065,1D,
1065,1E,
1065,1G,
1065,1H,
1065,2A,
1065,2B,
1065,2C,
1065,2D,
1065,2E,
1065,2F,
1065,2G,
1065,2H,
1065,3A,
1065,3B,
1065,3C,
1065,3D,
1065,3E,
1065,3F,
1065,3H,
1065,4A,
1065,4B,
1065,4C,
1065,4D,
1065,4F,
1065,4H,
1065,5A,
1065,5B,
1065,5C,
1065,5D,
1065,5E,
1065,5F,
1065,5H,
1065,A,
1065,CD,
1065,E,
1065,F,
1065,G,
1066,A12,
1067,1A,
1067,1B,
1067,1C,
1067,1D,
1067,1E,
1067,2A,
1067,2B,
1067,2C,
1067,2D,
1067,2E,
1067,3A,
1067,3B,
1067,3C,
1067,3D,
1067,3E,
1067,4A,
1067,4B,
1067,4C,
1067,4D,
1067,4E,
1069,1,
1069,10,
1069,2,
1069,20,
1069,21,
1069,22,
1069,23,
1069,24,
1069,25,
1069,26,
1069,27,
1069,28,
1069,29,
1069,3,
1069,30,
1069,31,
1069,32,
1069,33,
1069,34,
1069,35,
1069,36,
1069,37,
1069,38,
1069,39,
1069,4,
1069,40,
1069,41,
1069,42,
1069,43,
1069,44,
1069,45,
1069,46,
1069,47,
1069,48,
1069,49,
1069,5,
1069,50,
1069,51,
1069,52,
1069,53,
1069,54,
1069,55,
1069,56,
1069,57,
1069,58,
1069,59,
1069,6,
1069,7,
1069,8,
1069,9,
1069,D,
1070,1F,
1070,1G,
1070,2C,
1070,2E,
1070,3G,
1070,4D,
1070,4E,
1070,4G,
1071,1A,
1071,1B,
1071,1C,
1071,1E,
1071,1F,
1071,1G,
1071,1H,
1071,1I,
1071,1J,
1071,1K,
1071,1L,
1071,2A,
1071,2B,
1071,2C,
1071,2D,
1071,2E,
1071,2F,
1071,2G,
1071,2H,
1071,2I,
1071,2J,
1071,2K,
1071,2L,
1071,3A,
1071,3AA,
1071,3C,
1071,3D,
1071,3E,
1071,3F,
1071,3G,
1071,3H,
1071,3I,
1071,3J,
1071,3K,
1071,3L,
1071,4A,
1071,4B,
1071,4C,
1071,4D,
1071,4E,
1071,4F,
1071,4G,
1071,4H,
1071,4I,
1071,4J,
1071,4K,
1071,4L,
1071,5A,
1071,5AA,
1071,5B,
1071,5C,
1071,5D,
1071,5E,
1071,5F,
1071,5G,
1071,5H,
1071,5I,
1071,5J,
1071,5K,
1071,5L,
1071,6A,
1071,6AA,
1071,6B,
1071,6C,
1071,6D,
1071,6E,
1071,6F,
1071,6G,
1071,6H,
1071,6I,
1071,6J,
1071,6K,
1071,6L,
1071,BSMT,
1071,WKN,
1072,1A,
1072,1B,
1072,1C,
1072,1D,
1072,1E,
1072,1F,
1072,2A,
1072,2B,
1072,2C,
1072,2D,
1072,2E,
1072,2F,
1072,3A,
1072,3B,
1072,3C,
1072,3D,
1072,3E,
1072,3F,
1072,4A,
1072,4B,
1072,4C,
1072,4D,
1072,4E,
1072,4F,
1072,5A,
1072,5B,
1072,5C,
1072,5D,
1072,5E,
1072,5F,
1073,1,
1073,10,
1073,11,
1073,12,
1073,27,
1073,28,
1073,3,
1073,4,
1073,5,
1073,7,
1073,BSMT,
1074,18,
1074,28,
1074,8,
1075,1A,
1075,1B,
1075,1C,
1075,1D,
1075,1E,
1075,1F,
1075,1G,
1075,1H,
1075,1J,
1075,1K,
1075,1M,
1075,2A,
1075,2B,
1075,2C,
1075,2D,
1075,2E,
1075,2F,
1075,2G,
1075,2J,
1075,2K,
1075,2L,
1075,2M,
1075,3B,
1075,3C,
1075,3D,
1075,3F,
1075,3G,
1075,3J,
1075,3K,
1075,3L,
1075,4A,
1075,4B,
1075,4C,
1075,4D,
1075,4E,
1075,4F,
1075,4G,
1075,4H,
1075,4J,
1075,4K,
1075,4L,
1075,5A,
1075,5B,
1075,5C,
1075,5D,
1075,5E,
1075,5G,
1075,5H,
1075,5J,
1075,5K,
1075,5L,
1075,6A,
1075,6B,
1075,6C,
1075,6D,
1075,6E,
1075,6F,
1075,6H,
1075,6J,
1075,6K,
1075,6L,
1075,6M,
1075,BSMT,
1076,1B,
1076,2E,
1076,3B,
1076,B,
1077,1A,
1077,1B,
1077,1D,
1077,1E,
1077,1F,
1077,1G,
1077,2A,
1077,2B,
1077,2C,
1077,2D,
1077,2E,
1077,2F,
1077,2G,
1077,3A,
1077,3B,
1077,3C,
1077,3D,
1077,3E,
1077,3F,
1077,3G,
1078,A1,
1078,A2,
1078,A3,
1078,A4,
1078,A5,
1078,A6,
1078,A7,
1078,AA,
1078,B1,
1078,B2,
1078,B3,
1078,B5,
1078,B6,
1078,B7,
1078,BB,
1078,C1,
1078,C2,
1078,C4,
1078,C5,
1078,C6,
1078,C7,
1078,CC,
1078,D2,
1078,D3,
1078,D4,
1078,D5,
1078,D6,
1078,D7,
1078,DD,
1078,E1,
1078,E2,
1078,E3,
1078,E4,
1078,E5,
1078,E6,
1078,E7,
1079,1E,
1079,2B,
1079,2D,
1079,2E,
1079,3B,
1079,3E,
1079,4A,
1079,4B,
1079,4C,
1079,4E,
1079,5A,
1079,5B,
1079,5C,
1079,5D,
1079,5E,
1080,1A,
1080,1B,
1080,1C,
1080,1E,
1080,1F,
1080,1J,
1080,1K,
1080,1L,
1080,1M,
1080,1N,
1080,1O,
1080,2B,
1080,2C,
1080,2F,
1080,2G,
1080,2H,
1080,2J,
1080,2K,
1080,2L,
1080,2M,
1080,2N,
1080,2O,
1080,3B,
1080,3C,
1080,3E,
1080,3F,
1080,3H,
1080,3J,
1080,3L,
1080,3M,
1080,3N,
1080,4A,
1080,4B,
1080,4C,
1080,4D,
1080,4E,
1080,4F,
1080,4H,
1080,4J,
1080,4L,
1080,4M,
1080,4O,
1080,5A,
1080,5B,
1080,5C,
1080,5D,
1080,5E,
1080,5F,
1080,5G,
1080,5H,
1080,5L,
1080,5N,
1080,5O,
1080,6B,
1080,6D,
1080,6F,
1080,6H,
1080,6J,
1080,6L,
1080,6M,
1080,6N,
1080,6O,
1081,1A,
1081,1B,
1081,1C,
1081,1D,
1081,1F,
1081,1G,
1081,2A,
1081,2B,
1081,2C,
1081,2D,
1081,2E,
1081,2G,
1081,3A,
1081,3B,
1081,3C,
1081,3G,
1081,4B,
1081,4C,
1081,4D,
1081,4E,
1081,4F,
1081,4G,
1081,5A,
1081,5B,
1081,5C,
1081,5G,
1081,6A,
1081,6B,
1081,6C,
1081,6D,
1081,6F,
1081,6G,
1081,BSMT,
1082,1,
1082,1A,
1082,2,
1082,21,
1082,22,
1082,23,
1082,24,
1082,25,
1082,26,
1082,3,
1082,32,
1082,33,
1082,34,
1082,35,
1082,36,
1082,4,
1082,41,
1082,42,
1082,43,
1082,44,
1082,46,
1082,5,
1082,51,
1082,52,
1082,53,
1082,54,
1082,55,
1082,56,
1082,6,
1082,BSMT,
1083,1A,
1083,1B,
1083,1C,
1083,1D,
1083,2A,
1083,2B,
1083,3A,
1083,3C,
1083,4A,
1083,4B,
1083,4C,
1083,5B,
1083,5C,
1084,10,
1084,11,
1084,12,
1084,12A,
1084,14,
1084,15,
1084,16,
1084,17,
1084,18,
1084,19,
1084,2,
1084,20,
1084,3,
1084,4,
1084,5,
1084,6,
1084,7,
1084,8,
1084,9,
1084,ST3,
1085,11,
1085,2,
1085,3,
1087,1B,
1087,2A,
1087,2D,
1087,5D,
1087,6B,
1087,6D,
1087,BSMT1,
1088-25,1A,
1088-25,1B,
1088-25,1C,
1088-25,1E,
1088-25,2A,
1088-25,2C,
1088-25,2D,
1088-25,3A,
1088-25,3B,
1088-25,3C,
1088-25,3E,
1088-25,4B,
1088-25,4D,
1088-25,4E,
1088-25,5D,
1088-25,WKA,
1088-27,1B,
1088-27,2C,
1088-27,2D,
1088-27,2E,
1088-27,3B,
1088-27,4C,
1089,1B,
1089,1C,
1089,1D,
1089,2A,
1089,2B,
1089,2D,
1089,3D,
1089,3E,
1089,4B,
1089,4C,
1089,4D,
1089,5A,
1089,5C,
1090,1,
1090,2,
1090,21,
1090,22,
1090,23,
1090,25,
1090,3,
1090,31,
1090,34,
1090,41,
1090,43,
1090,44,
1090,54,
1090,55,
1090,61,
1090,62,
1090,63,
1090,65,
1090,BSMT,
1200gr,2E,
1200gr,5G,
3255ra,3A,
422,1B,
422,5C,
422,5D,
441,1A,
441,1E,
441,2A,
441,2C,
441,3C,
441,4B,
441,4C,
442,2A,
442,2C,
442,3C,
442,3D,
442,4D,
443,1A,
443,1B,
443,1C,
443,1D,
443,1E,
443,2A,
443,2C,
443,3B,
443,3C,
443,3E,
443,A,
443,D,
444,1D,
445,2D,
445,5D,
446,2A,
446,3D,
446,4C,
446,4E,
447,1W,
447,2W,
447,5N,
447,5S,
447,5W,
448,3A,
448,3B,
448,3C,
448,4C,
448,5B,
448,5C,
449,A1,
449,A2,
449,B1,
449,C2,
449,C4,
471,2B,
474,D2,
480,4N,
480,4S,
482,1FW,
500,1D,
500,1F,
500,1H,
500,1I,
500,2C,
500,2G,
500,2I,
500,3A,
500,3B,
500,3G,
500,3I,
500,4I,
500,5A,
500,5B,
500,5D,
500,5G,
502,5B,
504,2,
504,21,
504,22,
504,23,
504,24,
504,32,
504,4,
504,42,
504,43,
504,51,
504,53,
504,54,
504,61,
504,64,
504,B1,
506,102,
506,103,
506,104,
506,106,
506,201,
506,207,
506,208,
506,211,
506,214,
506,300,
506,301,
506,302,
506,303,
506,304,
506,305,
506,306,
506,309,
506,310,
506,312,
506,314,
506,401,
506,402,
506,403,
506,404,
506,411,
506,412,
506,501,
506,502,
506,503,
506,504,
506,506,
506,507,
506,509,
506,512,
506,600,
506,601,
506,602,
506,603,
506,606,
506,607,
506,610,
506,611,
506,614,
506,700,
506,701,
506,703,
506,704,
506,708,
506,709,
506,710,
506,712,
506,714,
506,800,
508,2A,
508,2F,
508,2J,
508,3D,
508,4A,
512,2F,
512,2G,
512,3A,
512,3G,
512,4C,
512,4G,
512,5A,
512,5B,
512,5C,
512,6F,
514,1B,
514,1C,
514,1D,
514,2D,
514,2E,
514,2G,
514,3C,
514,3F,
514,4B,
514,4D,
514,5D,
514,5E,
514,5F,
516,1A,
516,1C,
516,2A,
516,2E,
516,3A,
516,3B,
516,3C,
516,3E,
516,4A,
516,4C,
516,5A,
516,5B,
516,6B,
516,6E,
518,201,
518,206,
518,207,
518,305,
518,501,
518,603,
518,701,
518,702,
518,706,
520,1G,
520,2B,
520,2G,
520,3B,
520,3D,
520,3E,
520,3H,
520,4B,
520,4C,
520,4D,
520,4F,
520,4G,
520,4H,
520,5A,
520,5B,
520,5C,
520,5G,
520,5H,
522,A1,
522,A21,
522,A23,
522,A24,
522,A25,
522,A31,
522,A32,
522,A33,
522,A4,
522,A41,
522,A42,
522,A43,
522,A44,
522,A45,
522,A5,
522,A51,
522,A52,
522,A53,
522,A54,
522,A55,
522,B1,
522,B21,
522,B22,
522,B23,
522,B24,
522,B31,
522,B32,
522,B33,
522,B34,
522,B35,
522,B4,
522,B41,
522,B44,
522,B45,
522,B5,
522,B51,
522,B52,
522,B54,
522,B55,
522,C1,
524,1E,
524,3B,
524,5D,
524,7B,
526,2E,
526,B4,
528,1F,
528,1G,
528,1K,
528,2H,
528,2K,
528,2S,
528,3B,
528,3H,
528,4B,
528,4J,
528,4K,
528,5H,
528,5K,
530,1B,
530,1D,
530,1F,
530,1H,
530,1I,
530,1J,
530,1K,
530,1L,
530,2A,
530,2B,
530,2C,
530,2D,
530,2F,
530,2H,
530,2I,
530,2K,
530,2L,
530,3A,
530,3B,
530,3H,
530,3I,
530,3J,
530,3L,
530,4C,
530,4F,
530,4H,
530,4I,
530,4K,
530,5A,
530,5C,
530,5D,
530,5E,
530,5G,
530,5I,
530,5K,
530,5L,
530,B,
530,BASE,
530,C,
530,K,
530,L,
532,1A,
532,1B,
532,1C,
532,1D,
532,1G,
532,1H,
532,1I,
532,1J,
532,1K,
532,1L,
532,2A,
532,2B,
532,2C,
532,2D,
532,2E,
532,2F,
532,2I,
532,2J,
532,2K,
532,2L,
532,3A,
532,3B,
532,3C,
532,3D,
532,3F,
532,3G,
532,3H,
532,3J,
532,3K,
532,3L,
532,4A,
532,4B,
532,4C,
532,4E,
532,4F,
532,4G,
532,4H,
532,4I,
532,4J,
532,4K,
532,4L,
532,5A,
532,5B,
532,5D,
532,5E,
532,5F,
532,5H,
532,5I,
532,5J,
532,5K,
532,5L,
532,6A,
532,6B,
532,6C,
532,6D,
532,6E,
532,6F,
532,6H,
532,6I,
532,6J,
532,6K,
532,6L,
534,103,
534,107,
534,109,
534,115,
534,201,
534,203,
534,205,
534,206,
534,207,
534,209,
534,211,
534,218,
534,303,
534,304,
534,306,
534,307,
534,308,
534,311,
534,315,
534,317,
534,401,
534,403,
534,404,
534,405,
534,406,
534,408,
534,411,
534,414,
534,415,
534,417,
534,418,
534,419,
534,420,
534,501,
534,502,
534,503,
534,504,
534,505,
534,506,
534,507,
534,510,
534,511,
534,512,
534,514,
534,515,
534,518,
534,602,
534,603,
534,605,
534,606,
534,607,
534,608,
534,609,
534,610,
534,612,
534,614,
534,618,
534,701,
534,702,
534,703,
534,704,
534,705,
534,706,
534,709,
534,710,
534,711,
534,714,
534,715,
534,717,
534,719,
538,21,
538,3,
538,41,
538,42,
538,46,
538,5,
538,52,
538,61,
538,63,
540,2B,
540,3C,
540,3J,
540,4A,
540,5B,
540,6H,
540,7D,
542,1A,
542,1E,
542,2C,
542,3A,
542,3B,
542,3E,
542,3F,
542,4C,
542,5A,
542,5B,
542,6A,
542,6E,
542,A,
552,A41,
552,B26,
552,B5,
552,B54,
554,A26,
554,A35,
554,B21,
554,B52,
556,12,
556,A11,
556,A12,
556,A14,
556,A15,
556,A21,
556,A22,
556,A24,
556,A25,
556,A31,
556,A32,
556,A34,
556,A35,
556,A41,
556,A42,
556,A44,
556,A45,
556,A54,
556,B11,
556,B12,
556,B14,
556,B15,
556,B21,
556,B22,
556,B23,
556,B24,
556,B31,
556,B32,
556,B33,
556,B35,
556,B41,
556,B43,
556,B51,
556,B53,
556,B54,
558,17,
558,27,
558,32,
558,43,
558,B1,
560,A1,
560,A4,
560,AA,
560,B1,
560,C1,
560,C2,
560,D4,
566,1B,
566,3B,
566,4B,
574,1R,
574,2R,
578,1A,
578,1B,
578,1C,
578,1E,
578,1F,
578,1G,
578,1H,
578,2A,
578,2B,
578,2D,
578,2E,
578,2F,
578,2G,
578,2J,
578,3A,
578,3B,
578,3C,
578,3D,
578,3E,
578,3F,
578,3G,
578,3J,
578,4A,
578,4B,
578,4C,
578,4D,
578,4E,
578,4G,
578,4H,
578,4J,
578,A,
578,B,
578,BB,
578,C,
580,1C,
580,3A,
580,3D,
580,4A,
580,4C,
580,4E,
580,5A,
582,1G,
582,3C,
582,4B,
582,4C,
582,4D,
582,4E,
584,2A,
584,2C,
584,3A,
584,3D,
584,4A,
586,1B,
586,1H,
586,2D,
586,2K,
586,3B,
586,3G,
586,3K,
586,4F,
586,5D,
586,5H,
586,5J,
586,ST1,
586,ST2,
588,1A,
588,2B,
588,2D,
588,3E,
588,4A,
588,F,
588,G,
589,1A,
589,1B,
589,2A,
589,2B,
589,3C,
589,4B,
589,4C,
589,5A,
589,5B,
589,6A,
589,6B,
589,7A,
590,2E,
590,4A,
590,4E,
590,C,
590,E,
590,SE,
591,2B,
591,2C,
591,3C,
591,4A,
591,4E,
592,1E,
593,1G,
593,2A,
593,2F,
593,3E,
593,3G,
593,3H,
593,4B,
593,5G,
593,5H,
593,6B,
593,6C,
594,11,
594,5,
594,8,
595,11,
595,16,
595,6,
596,10,
596,19,
596,6,
596,7,
597,4B,
599,10,
599,15,
599,5,
599,7,
599,8,
600,1A,
600,1B,
600,1C,
600,1D,
600,1E,
600,2D,
600,2E,
600,3A,
600,3C,
600,3E,
600,4A,
600,4E,
600,5A,
600,5B,
600,5D,
600,5E,
600,D,
602,2R,
602,4E,
604,14,
604,20,
604,23,
604,6,
605,11,
605,12,
605,12A,
605,17,
605,18,
605,20,
605,22,
605,24,
605,25,
605,26,
605,29,
605,5,
605,8,
606,10,
606,14,
606,16,
606,19,
606,2,
606,20,
606,6,
607,3B,
608,2A,
608,2B,
608,4B,
608,B,
608,BSMT1,
609,C3,
609,C4,
609,D1,
609,D2,
609,D3,
609,E4,
609,E6,
610,3D,
610,5A,
610,5D,
610,6B,
612,1B,
612,2B,
612,2H,
612,4F,
612,5A,
612,5E,
612,6D,
612,6E,
614,22A,
614,24A,
614,31A,
614,31B,
614,42A,
614,45A,
614,52A,
614,52B,
614,53B,
614,A,
620,1D,
620,2N12,
620,3N12,
620,4N12,
622,1A,
622,1E,
622,1I,
622,1S,
622,2E,
622,2N,
622,3N,
622,5C,
622,5D,
622,5H,
622,5J,
623,10,
623,22,
623,24,
623,27,
623,3,
623,5,
623,7,
623,9,
624,11,
624,15,
624,23,
624,29,
624,6,
626,2S,
626,5N,
626,5S,
627,2,
628,6MS,
630,3A,
631,25,
652,1B,
652,1C,
652,1G,
652,3C,
652,4D,
652,5E,
652,6F,
654,1A,
654,1B,
654,1C,
654,1E,
654,1F,
654,1I,
654,1J,
654,1K,
654,1L,
654,1P,
654,1R,
654,1S,
654,2A,
654,2B,
654,2C,
654,2D,
654,2E,
654,2F,
654,2H,
654,2J,
654,2K,
654,2L,
654,2M,
654,2N,
654,2O,
654,2P,
654,2R,
654,2S,
654,3A,
654,3B,
654,3C,
654,3D,
654,3E,
654,3F,
654,3G,
654,3H,
654,3I,
654,3K,
654,3L,
654,3M,
654,3N,
654,3O,
654,3R,
654,3S,
654,4B,
654,4C,
654,4D,
654,4F,
654,4G,
654,4H,
654,4I,
654,4K,
654,4M,
654,4P,
654,4R,
654,4S,
654,5A,
654,5C,
654,5D,
654,5F,
654,5H,
654,5I,
654,5K,
654,5L,
654,5M,
654,5N,
654,5O,
654,5P,
654,5R,
654,5S,
654,6A,
654,6B,
654,6C,
654,6E,
654,6F,
654,6G,
654,6H,
654,6I,
654,6K,
654,6L,
654,6N,
654,6O,
654,6R,
654,6S,
656,10A,
656,10B,
656,10C,
656,10D,
656,10E,
656,10F,
656,11B,
656,11C,
656,11D,
656,11E,
656,11F,
656,12A,
656,12B,
656,12C,
656,12E,
656,12F,
656,1B,
656,1C,
656,1E,
656,1F,
656,2A,
656,2B,
656,2C,
656,2D,
656,2F,
656,3A,
656,3B,
656,3C,
656,3D,
656,3E,
656,3F,
656,4A,
656,4B,
656,4C,
656,4D,
656,4E,
656,4F,
656,5A,
656,5B,
656,5C,
656,5D,
656,5E,
656,5F,
656,6A,
656,6B,
656,6C,
656,6D,
656,6E,
656,6F,
656,7A,
656,7B,
656,7C,
656,7D,
656,7E,
656,7F,
656,8A,
656,8B,
656,8C,
656,8D,
656,8E,
656,8F,
656,9A,
656,9B,
656,9D,
656,9E,
656,9F,
658,1A,
658,1C,
658,1E,
658,1F,
658,1G,
658,1H,
658,1J,
658,1L,
658,2A,
658,2C,
658,2D,
658,2E,
658,2F,
658,2G,
658,2H,
658,2J,
658,2L,
658,3C,
658,3D,
658,3L,
658,4K,
658,4M,
658,5D,
658,6B,
658,6C,
658,6G,
660-2,1,
660-2,2,
660-2,21,
660-2,22,
660-2,23,
660-2,24,
660-2,25,
660-2,3,
660-2,31,
660-2,32,
660-2,33,
660-2,34,
660-2,35,
660-2,4,
660-2,41,
660-2,42,
660-2,43,
660-2,44,
660-2,45,
660-2,5,
660-2,51,
660-2,52,
660-2,53,
660-2,54,
660-2,55,
660-2,C,
660-2,D,
660-6,1,
660-6,2,
660-6,21,
660-6,22,
660-6,23,
660-6,24,
660-6,25,
660-6,26,
660-6,3,
660-6,31,
660-6,32,
660-6,33,
660-6,34,
660-6,35,
660-6,36,
660-6,4,
660-6,41,
660-6,42,
660-6,43,
660-6,44,
660-6,45,
660-6,46,
660-6,5,
660-6,51,
660-6,52,
660-6,53,
660-6,54,
660-6,55,
660-6,56,
660-6,6,
660-6,BSMT,
662,103A,
662,104,
662,105,
662,106,
662,107,
662,110,
662,111,
662,112,
662,114,
662,116,
662,118,
662,201,
662,202,
662,204,
662,205,
662,206,
662,207,
662,209,
662,210,
662,211,
662,215,
662,217,
662,219,
662,301,
662,302,
662,303,
662,304,
662,305,
662,306,
662,307,
662,309,
662,310,
662,316,
662,317,
662,318,
662,401,
662,402,
662,403,
662,406,
662,414,
662,417,
662,419,
662,420,
662,501,
662,503,
662,506,
662,507,
662,509,
662,511,
662,512,
662,514,
662,515,
662,516,
662,517,
662,518,
662,519,
662,604,
662,605,
662,610,
662,611,
662,612,
662,614,
662,615,
662,616,
662,618,
662,619,
664,1A,
664,1F,
664,2A,
664,2J,
664,3G,
664,3H,
664,5B,
664,5C,
664,5E,
664,5G,
664,5J,
664,6A,
664,6D,
664,6F,
664,6G,
664,6H,
664,6J,
666,103,
666,201,
666,207,
666,402,
666,409,
666,410,
666,505,
666,507,
666,509,
666,603,
666,605,
666,608,
668,1A,
668,2C,
668,3A,
668,3G,
668,3H,
668,4G,
668,4K,
668,5A,
668,5B,
668,6B,
668,6F,
668,6J,
670,1C,
670,1E,
670,2E,
670,6L,
672,1I,
672,4D,
672,5D,
674,1B,
674,2F,
674,3F,
674,4A,
674,4D,
674,5C,
674,6F,
676,1A,
676,1C,
676,2E,
676,5A,
676,6D,
678,3C,
678,4B,
678,4C,
678,4D,
678,5D,
678,6A,
678,6D,
680,1D,
680,2B,
680,2E,
680,3E,
680,6E,
680,6F,
682,2C,
682,4B,
682,4C,
682,4D,
682,6G,
682,E4,
684,2A,
684,3G,
684,4C,
684,4D,
684,4H,
684,5D,
684,5J,
684,6B,
684,6D,
684,6E,
684,6G,
684,6H,
684,7E,
684,7F,
686,1K,
686,3J,
686,4B,
686,4H,
686,5B,
686,5D,
686,5G,
686,5H,
686,6B,
686,6D,
686,6J,
688,1B,
688,3B,
688,3C,
688,3G,
688,4J,
688,4K,
688,6H,
688,6J,
688,6K,
688,B,
688,C,
689-45,1A,
689-45,1B,
689-45,1E,
689-45,2C,
689-45,2D,
689-45,2F,
689-45,3C,
689-45,4E,
689-45,4F,
689-45,5B,
689-45,5C,
689-45,5D,
689-45,5E,
689-45,6C,
689-45,6D,
689-45,6E,
689-47,4E,
689-47,5D,
690,10A,
690,10B,
690,10C,
690,10D,
690,10E,
690,10F,
690,10G,
690,10H,
690,10J,
690,10K,
690,10L,
690,10M,
690,1A,
690,1B,
690,1C,
690,1D,
690,1E,
690,1F,
690,1G,
690,1H,
690,1J,
690,1K,
690,1L,
690,1M,
690,2A,
690,2B,
690,2C,
690,2D,
690,2E,
690,2F,
690,2G,
690,2H,
690,2J,
690,2K,
690,2L,
690,2M,
690,3A,
690,3B,
690,3C,
690,3D,
690,3E,
690,3F,
690,3G,
690,3H,
690,3J,
690,3K,
690,3L,
690,3M,
690,4B,
690,4C,
690,4D,
690,4E,
690,4F,
690,4H,
690,4J,
690,4K,
690,4L,
690,5A,
690,5B,
690,5C,
690,5D,
690,5E,
690,5F,
690,5G,
690,5H,
690,5J,
690,5K,
690,5L,
690,5M,
690,6A,
690,6B,
690,6C,
690,6D,
690,6E,
690,6F,
690,6G,
690,6H,
690,6J,
690,6K,
690,6L,
690,6M,
690,7A,
690,7B,
690,7C,
690,7D,
690,7E,
690,7F,
690,7G,
690,7H,
690,7J,
690,7K,
690,7L,
690,7M,
690,8A,
690,8B,
690,8C,
690,8D,
690,8E,
690,8F,
690,8G,
690,8H,
690,8J,
690,8K,
690,8L,
690,8M,
690,9A,
690,9B,
690,9C,
690,9D,
690,9E,
690,9F,
690,9G,
690,9H,
690,9J,
690,9K,
690,9L,
690,9M,
690,A4,
690,G4,
690,H4,
690,M4,
692,1A,
692,1B,
692,1D,
692,2D,
692,3B,
692,3C,
692,3D,
692,4A,
692,4C,
692,5A,
692,5B,
692,6A,
692,6B,
692,6C,
692,BSMT,
692,C5,
710,16E,
710,1A,
710,1J,
710,1K,
710,2A,
710,2D,
710,2E,
710,2I,
710,3A,
710,3B,
710,3G,
710,3H,
710,3J,
710,6F,
732,1A,
732,1M,
732,2A,
732,2L,
732,3H,
732,5J,
732,BB,
734,1C,
734,1H,
734,2G,
734,3A,
734,3B,
734,4G,
734,DD,
736,1,
736,15D,
736,3,
736,A14,
736,A2,
736,B14,
736,B15,
736,B2,
736,C1,
736,C12,
736,C2,
736,C4,
736,C5,
736,D1,
736,D11,
736,D12,
736,D14,
736,D15,
736,D2,
736,D3,
736,D5,
736,E1,
736,E13,
736,E5,
738,1C,
738,2A,
738,2C,
738,2D,
738,2E,
738,2F,
738,2G,
738,2H,
738,2I,
738,3B,
738,3C,
738,3D,
738,3E,
738,3F,
738,3G,
738,3H,
738,3J,
738,4A,
738,4B,
738,4C,
738,4D,
738,4E,
738,4F,
738,4G,
738,4H,
738,4I,
738,5A,
738,5B,
738,5C,
738,5D,
738,5E,
738,5F,
738,5G,
738,5H,
738,5I,
738,5J,
738,6A,
738,6B,
738,6C,
738,6D,
738,6E,
738,6F,
738,6G,
738,6H,
738,6I,
738,6J,
740,2C,
740,2D,
740,2F,
740,3A,
740,3D,
740,3H,
740,4B,
740,4D,
740,4E,
740,4F,
740,4H,
740,4I,
740,5B,
740,5C,
740,5D,
740,5E,
740,5F,
740,5G,
740,5H,
740,6A,
740,6I,
742,1B,
742,1G,
742,1I,
742,2A,
742,2G,
742,2J,
742,3I,
742,4F,
742,5I,
742,6D,
742,6I,
744,1B,
744,2A,
744,3B,
744,3C,
744,3F,
744,3H,
744,4F,
744,4G,
744,5A,
744,5D,
744,5E,
744,5G,
744,6E,
744,6F,
744,6G,
746,1C,
746,1E,
746,1K,
746,2G,
746,2K,
746,3A,
746,4E,
746,4H,
746,4K,
746,5A,
746,5B,
746,5C,
746,5D,
746,5K,
746,5L,
746,6G,
746,6I,
746,6J,
748,1A,
748,1B,
748,1C,
748,3A,
748,4B,
748,5C,
748,5E,
748,5F,
748,6A,
748,6B,
748,6E,
750,1C,
750,2C,
750,3C,
750,4A,
750,4B,
750,5G,
750,5H,
750,6H,
752,1B,
752,2B,
752,2C,
752,2D,
752,3D,
752,5E,
752,OB,
752,OD,
754,1A,
754,1B,
754,2E,
754,2H,
754,3C,
754,3E,
754,3H,
754,4G,
754,5H,
754,6A,
754,6B,
754,6C,
754,6F,
754,6G,
754,6H,
756,1C,
756,4B,
758,1A,
758,4A,
762,1A,
762,1C,
762,1D,
762,1G,
762,1H,
762,2B,
762,2D,
762,2H,
762,3A,
762,3G,
762,4A,
762,4C,
762,4D,
762,4E,
762,4H,
762,5A,
762,5B,
762,5C,
762,5D,
762,BC,
764,1,
764,24,
764,35,
764,4,
766,52,
766,53,
766,61,
768,2,
768,25,
768,31,
768,32,
768,54,
768,C,
769,102,
769,103,
769,104,
769,105,
769,106,
769,107,
769,108,
769,109,
769,110,
769,111,
769,112,
769,114,
769,115,
769,116,
769,117,
769,118,
769,119,
769,120,
769,201,
769,202,
769,203,
769,204,
769,205,
769,207,
769,208,
769,209,
769,210,
769,211,
769,212,
769,214,
769,215,
769,216,
769,217,
769,218,
769,219,
769,221,
769,301,
769,302,
769,303,
769,304,
769,305,
769,306,
769,307,
769,309,
769,311,
769,312,
769,314,
769,315,
769,317,
769,318,
769,319,
769,320,
769,321,
769,402,
769,403,
769,404,
769,405,
769,406,
769,407,
769,408,
769,409,
769,410,
769,411,
769,412,
769,414,
769,415,
769,416,
769,417,
769,418,
769,419,
769,420,
769,421,
769,501,
769,502,
769,503,
769,504,
769,505,
769,506,
769,507,
769,508,
769,509,
769,510,
769,511,
769,512,
769,514,
769,515,
769,516,
769,517,
769,518,
769,519,
769,520,
769,521,
769,601,
769,603,
769,604,
769,605,
769,606,
769,607,
769,608,
769,609,
769,610,
769,611,
769,612,
769,614,
769,615,
769,616,
769,617,
769,618,
769,619,
769,620,
769,621,
772,A1,
772,A21,
772,A23,
772,A24,
772,A3,
772,A31,
772,A32,
772,A33,
772,A34,
772,A4,
772,A41,
772,A42,
772,A44,
772,A5,
772,B1,
772,B2,
772,B21,
772,B22,
772,B23,
772,B25,
772,B3,
772,B31,
772,B32,
772,B33,
772,B34,
772,B35,
772,B41,
772,B43,
772,B44,
772,BSMT,
772,C2,
772,C21,
772,C23,
772,C32,
772,C34,
772,C42,
772,C43,
772,C44,
772,D1,
772,D2,
772,D21,
772,D22,
772,D23,
772,D24,
772,D31,
772,D32,
772,D33,
772,D34,
772,D4,
772,D41,
772,D42,
772,D43,
772,D44,
772,D5,
774,10B,
774,10C,
774,10F,
774,1C,
774,2A,
774,2F,
774,3A,
774,3B,
774,3C,
774,4C,
774,4D,
774,4E,
774,5B,
774,6A,
774,7A,
774,8A,
774,8E,
774,9E,
774,A1,
774,BSMT,
776,1D,
776,1F,
776,3B,
776,4H,
776,4L,
776,C,
776,D,
776,F,
776,L,
778-41,1B,
778-41,1C,
778-41,1D,
778-41,1E,
778-41,2A,
778-41,2B,
778-41,3C,
778-41,3D,
778-41,3E,
778-41,4A,
778-41,4C,
778-41,4E,
778-41,A,
778-41,A3,
778-41,B3,
778-41,D,
778-41,E,
778-41,W-IN,
778-43,1B,
778-43,1C,
778-43,1D,
778-43,2B,
778-43,2C,
778-43,2D,
778-43,2E,
778-43,3A,
778-43,3B,
778-43,3C,
778-43,3E,
778-43,4A,
778-43,4B,
778-43,4C,
778-43,A,
778-43,C,
778-43,D,
778-43,E,
780,202,
780,302,
780,303,
780,403,
780,601,
782,1B,
782,1C,
782,1E,
782,1G,
782,2B,
782,2F,
782,2G,
782,3A,
782,3D,
782,3E,
782,3G,
782,4B,
782,4C,
782,4G,
782,5A,
782,5D,
782,5F,
784,3E,
784,4E,
784,A1,
784,A11,
784,A12,
784,A13,
784,A14,
784,A2,
784,A21,
784,A22,
784,A23,
784,A24,
784,A3,
784,A31,
784,A33,
784,A4,
784,A41,
784,A42,
784,A43,
784,A44,
784,B11,
784,B12,
784,B2,
784,B21,
784,B22,
784,B31,
784,B32,
784,B41,
784,C1,
784,C11,
784,C12,
784,C2,
784,C21,
784,C22,
784,C31,
784,C32,
784,C33,
784,C41,
784,C42,
784,C43,
784,D13,
784,D14,
784,D21,
784,D22,
784,D23,
784,D24,
784,D3,
784,D31,
784,D32,
784,D33,
784,D34,
784,D4,
784,D41,
784,D42,
784,D43,
784,D44,
784,E1,
784,E11,
784,E13,
784,E14,
784,E15,
784,E21,
784,E22,
784,E23,
784,E24,
784,E25,
784,E31,
784,E34,
784,E35,
784,E42,
784,E43,
784,E44,
784,E45,
784,E5,
784,F1,
784,F11,
784,F12,
784,F13,
784,F14,
784,F15,
784,F2,
784,F21,
784,F23,
784,F24,
784,F25,
784,F31,
784,F32,
784,F33,
784,F34,
784,F35,
784,F4,
784,F41,
784,F42,
784,F44,
784,F45,
784,F5,
784,ST4,
784,STUD3,
784,STUD5,
786,K13,
786,K23,
786,L12,
786,M11,
786,M41,
786,N21,
786,O2,
786,O23,
786,O31,
786,O41,
786,O42,
788,H12,
788,I1,
788,I21,
788,J23,
788,J34,
794,18,
795,1A,
795,1D,
795,2C,
795,2D,
795,4C,
795,4E,
795,GC,
795,GD,
795,GF,
796,2B,
796,6E,
797,11,
797,2,
797,5,
797,6,
797,8,
798,1N,
798,21S,
798,22N,
798,22S,
798,23N,
798,24N,
798,2N,
798,2S,
798,31S,
798,33N,
798,33S,
798,34N,
798,34S,
798,3N,
798,42S,
798,43S,
798,44S,
798,4S,
798,51N,
798,51S,
798,53N,
798,54N,
798,54S,
798,55S,
800,2B,
800,2C,
800,4B,
810,A2,
810,A3,
810,A6,
810,A7,
810,C2,
810,E3,
810,E5,
810,E7,
810,G4,
820,1A,
820,1C,
820,1D,
820,1E,
820,1F,
820,1N,
820,1P,
820,1R,
820,1S,
820,1T,
820,2A,
820,2B,
820,2C,
820,2D,
820,2E,
820,2F,
820,2G,
820,2K,
820,2L,
820,2M,
820,2N,
820,2P,
820,2R,
820,2S,
820,2T,
820,3A,
820,3B,
820,3C,
820,3D,
820,3E,
820,3F,
820,3G,
820,3H,
820,3J,
820,3K,
820,3L,
820,3M,
820,3N,
820,3P,
820,3R,
820,3S,
820,3T,
820,4A,
820,4B,
820,4C,
820,4D,
820,4E,
820,4F,
820,4G,
820,4H,
820,4J,
820,4K,
820,4L,
820,4M,
820,4N,
820,4P,
820,4R,
820,4S,
820,4T,
820,5A,
820,5B,
820,5C,
820,5D,
820,5E,
820,5F,
820,5G,
820,5H,
820,5J,
820,5K,
820,5L,
820,5M,
820,5N,
820,5R,
820,5S,
820,5T,
820,6A,
820,6B,
820,6C,
820,6D,
820,6E,
820,6F,
820,6G,
820,6H,
820,6J,
820,6K,
820,6L,
820,6M,
820,6N,
820,6P,
820,6R,
820,6S,
820,6T,
820,7A,
820,7B,
820,7C,
820,7D,
820,7E,
820,7G,
820,7H,
820,7J,
820,7K,
820,7L,
820,7M,
820,7N,
820,7P,
820,7R,
820,7S,
820,7T,
826,1A,
826,1E,
826,1F,
826,1G,
826,1H,
826,1I,
826,2A,
826,2B,
826,2C,
826,2D,
826,2E,
826,2F,
826,3A,
826,3C,
826,3D,
826,3G,
826,3H,
826,3I,
826,4A,
826,4B,
826,4G,
826,4H,
826,4I,
826,5A,
826,5B,
826,5C,
826,5D,
826,5I,
826,6A,
826,6B,
826,6C,
826,6D,
826,6F,
826,6I,
826,BSMT,
830,1A,
830,1E,
830,2B,
830,2D,
830,2E,
830,3D,
830,5B,
830,5E,
830,6A,
830,7D,
830,9C,
830,9D,
85mac,5G-T,
85mac,BSMT,
891,1C,
891,1G,
892,2B,
892,5D,
892,8B,
892,8D,
co030,E72,
co100,6C,
co270,4L,
co300,3B,
co320,4B,
co400,4B,
co418,4,
co420,5C,
co432,1C,
co432,BSMT,
co491,2H,
co491,3K,
co491,5M,
co491,5O,
co491,6D,
co492,2M,
co492,5L,